,Accuracy,ROC-AUC,F1,Precision,Recall,model
AChE,0.5753424657534246,0.5667420814479638,0.49180327868852464,0.5555555555555556,0.4411764705882353,GradientBoostingClassifier
MAOB,0.625,0.6144486277077537,0.5486725663716814,0.6019417475728155,0.5040650406504065,GradientBoostingClassifier
D2R,0.616,0.5874094202898551,0.4216867469879518,0.6481481481481481,0.3125,DecisionTreeClassifier
_5HT2A,0.556,0.540631469979296,0.44221105527638194,0.5057471264367817,0.39285714285714285,DecisionTreeClassifier
D3R,0.616,0.6152073732718895,0.5714285714285714,0.64,0.5161290322580645,RandomForestClassifier
BBB,0.64,0.6259650025733402,0.7096774193548387,0.625,0.8208955223880597,RandomForestClassifier
