{
    "AChE": {
        "Accuracy": 0.5753424657534246,
        "ROC-AUC": 0.5667420814479638,
        "F1": 0.49180327868852464,
        "Precision": 0.5555555555555556,
        "Recall": 0.4411764705882353,
        "model": "GradientBoostingClassifier"
    },
    "MAOB": {
        "Accuracy": 0.625,
        "ROC-AUC": 0.6144486277077537,
        "F1": 0.5486725663716814,
        "Precision": 0.6019417475728155,
        "Recall": 0.5040650406504065,
        "model": "GradientBoostingClassifier"
    },
    "D2R": {
        "Accuracy": 0.616,
        "ROC-AUC": 0.5874094202898551,
        "F1": 0.4216867469879518,
        "Precision": 0.6481481481481481,
        "Recall": 0.3125,
        "model": "DecisionTreeClassifier"
    },
    "_5HT2A": {
        "Accuracy": 0.556,
        "ROC-AUC": 0.540631469979296,
        "F1": 0.44221105527638194,
        "Precision": 0.5057471264367817,
        "Recall": 0.39285714285714285,
        "model": "DecisionTreeClassifier"
    },
    "D3R": {
        "Accuracy": 0.616,
        "ROC-AUC": 0.6152073732718895,
        "F1": 0.5714285714285714,
        "Precision": 0.64,
        "Recall": 0.5161290322580645,
        "model": "RandomForestClassifier"
    },
    "BBB": {
        "Accuracy": 0.64,
        "ROC-AUC": 0.6259650025733402,
        "F1": 0.7096774193548387,
        "Precision": 0.625,
        "Recall": 0.8208955223880597,
        "model": "RandomForestClassifier"
    }
}