{
    "AChE": {
        "Accuracy": 0.6438356164383562,
        "ROC-AUC": 0.6308446455505279,
        "F1": 0.5357142857142857,
        "Precision": 0.6818181818181818,
        "Recall": 0.4411764705882353,
        "model": "RandomForestClassifier"
    },
    "MAOB": {
        "Accuracy": 0.6433823529411765,
        "ROC-AUC": 0.6220057838162274,
        "F1": 0.5025641025641026,
        "Precision": 0.6805555555555556,
        "Recall": 0.3983739837398374,
        "model": "RandomForestClassifier"
    },
    "D2R": {
        "Accuracy": 0.584,
        "ROC-AUC": 0.5730351519825204,
        "F1": 0.47474747474747475,
        "Precision": 0.5802469135802469,
        "Recall": 0.4017094017094017,
        "model": "RandomForestClassifier"
    },
    "_5HT2A": {
        "Accuracy": 0.56,
        "ROC-AUC": 0.5538461538461538,
        "F1": 0.4660194174757281,
        "Precision": 0.5581395348837209,
        "Recall": 0.4,
        "model": "RandomForestClassifier"
    },
    "D3R": {
        "Accuracy": 0.624,
        "ROC-AUC": 0.6204374879722881,
        "F1": 0.6594202898550725,
        "Precision": 0.6275862068965518,
        "Recall": 0.6946564885496184,
        "model": "RandomForestClassifier"
    },
    "BBB": {
        "Accuracy": 0.688,
        "ROC-AUC": 0.6771101389603705,
        "F1": 0.74,
        "Precision": 0.6686746987951807,
        "Recall": 0.8283582089552238,
        "model": "RandomForestClassifier"
    }
}