,Accuracy,ROC-AUC,F1,Precision,Recall,model
APP,0.68,0.6889643463497453,0.7163120567375886,0.7952755905511811,0.6516129032258065,RandomForestClassifier
AChE,0.6438356164383562,0.6346153846153846,0.5666666666666668,0.6538461538461539,0.5,RandomForestClassifier
BBB,0.66,0.6527277406073083,0.7038327526132404,0.6601307189542484,0.753731343283582,RandomForestClassifier
D2R,0.592,0.5826103720840563,0.5,0.5862068965517241,0.4358974358974359,RandomForestClassifier
_5HT1A,0.552,0.5471153846153847,0.4766355140186916,0.5425531914893617,0.425,ExtraTreesClassifier
NTRK3,0.6382978723404256,0.734375,0.6382978723404256,1.0,0.46875,ExtraTreesClassifier
NTRK1,0.8181818181818182,0.5,0.9,0.8181818181818182,1.0,RandomForestClassifier
ROS1,0.5885167464114832,0.6104488731607375,0.5473684210526315,0.7222222222222222,0.4406779661016949,RandomForestClassifier
