,Accuracy,ROC-AUC,F1,Precision,Recall,model
AChE,0.6712328767123288,0.6640271493212669,0.6129032258064516,0.6785714285714286,0.5588235294117647,ExtraTreesClassifier
MAOB,0.6397058823529411,0.6342554700714792,0.5916666666666667,0.6068376068376068,0.5772357723577236,MLPClassifier
D2R,0.56,0.531638198757764,0.34523809523809523,0.5178571428571429,0.25892857142857145,LogisticRegression
_5HT2A,0.448,0.5,0.6187845303867404,0.448,1.0,LogisticRegression
D3R,0.576,0.57642089093702,0.5954198473282443,0.5652173913043478,0.6290322580645161,MLPClassifier
BBB,0.668,0.6596114256304684,0.7147766323024056,0.6624203821656051,0.7761194029850746,MLPClassifier
