,Accuracy,ROC-AUC,F1,Precision,Recall,model
AChE,0.6438356164383562,0.6308446455505279,0.5357142857142857,0.6818181818181818,0.4411764705882353,RandomForestClassifier
MAOB,0.6433823529411765,0.6220057838162274,0.5025641025641026,0.6805555555555556,0.3983739837398374,RandomForestClassifier
D2R,0.584,0.5730351519825204,0.47474747474747475,0.5802469135802469,0.4017094017094017,RandomForestClassifier
_5HT2A,0.56,0.5538461538461538,0.4660194174757281,0.5581395348837209,0.4,RandomForestClassifier
D3R,0.624,0.6204374879722881,0.6594202898550725,0.6275862068965518,0.6946564885496184,RandomForestClassifier
BBB,0.688,0.6771101389603705,0.74,0.6686746987951807,0.8283582089552238,RandomForestClassifier
