{
    "_5HT2A": {
        "accuracy": [
            0.452
        ],
        "recall": [
            0.4642857142857143
        ],
        "precision": [
            0.40310077519379844
        ],
        "f1": [
            0.4315352697095436
        ],
        "roc_auc": [
            0.4477872670807454
        ]
    },
    "D3R": {
        "accuracy": [
            0.612
        ],
        "recall": [
            0.5483870967741935
        ],
        "precision": [
            0.6238532110091743
        ],
        "f1": [
            0.5836909871244634
        ],
        "roc_auc": [
            0.6575780849974397
        ]
    },
    "BBB": {
        "accuracy": [
            0.66
        ],
        "recall": [
            0.8432835820895522
        ],
        "precision": [
            0.6384180790960452
        ],
        "f1": [
            0.7266881028938906
        ],
        "roc_auc": [
            0.7127830674215132
        ]
    }
}