{
    "APP": {
        "accuracy": [
            0.7283018867924528
        ],
        "recall": [
            0.7578692493946732
        ],
        "precision": [
            0.7296037296037297
        ],
        "f1": [
            0.7434679334916865
        ],
        "roc_auc": [
            0.7832676242029335
        ]
    },
    "AChE": {
        "accuracy": [
            0.6538461538461539
        ],
        "recall": [
            0.7051282051282052
        ],
        "precision": [
            0.6395348837209303
        ],
        "f1": [
            0.6707317073170733
        ],
        "roc_auc": [
            0.6913214990138068
        ]
    },
    "BBB": {
        "accuracy": [
            0.8175438596491228
        ],
        "recall": [
            0.8781725888324873
        ],
        "precision": [
            0.7923664122137405
        ],
        "f1": [
            0.8330658105939004
        ],
        "roc_auc": [
            0.9149491923478775
        ]
    },
    "D2R": {
        "accuracy": [
            0.614207650273224
        ],
        "recall": [
            0.5409717186366932
        ],
        "precision": [
            0.636518771331058
        ],
        "f1": [
            0.5848686789494315
        ],
        "roc_auc": [
            0.6601225026729112
        ]
    },
    "_5HT1A": {
        "accuracy": [
            0.5347150259067357
        ],
        "recall": [
            0.4733606557377049
        ],
        "precision": [
            0.5460992907801419
        ],
        "f1": [
            0.5071350164654227
        ],
        "roc_auc": [
            0.5599267106574561
        ]
    },
    "NTRK3": {
        "accuracy": [
            0.9782608695652174
        ],
        "recall": [
            0.95
        ],
        "precision": [
            1.0
        ],
        "f1": [
            0.9743589743589743
        ],
        "roc_auc": [
            1.0
        ]
    },
    "NTRK1": {
        "accuracy": [
            1.0
        ],
        "recall": [
            1.0
        ],
        "precision": [
            1.0
        ],
        "f1": [
            1.0
        ],
        "roc_auc": [
            1.0
        ]
    }
}