{
    "AChE": {
        "accuracy": [
            0.7884615384615384
        ],
        "recall": [
            0.7307692307692307
        ],
        "precision": [
            0.8260869565217391
        ],
        "f1": [
            0.7755102040816326
        ],
        "roc_auc": [
            0.8520710059171598
        ]
    },
    "MAOB": {
        "accuracy": [
            0.7686567164179104
        ],
        "recall": [
            0.7557251908396947
        ],
        "precision": [
            0.7674418604651163
        ],
        "f1": [
            0.7615384615384615
        ],
        "roc_auc": [
            0.8485680057948404
        ]
    },
    "D2R": {
        "accuracy": [
            0.5712204007285975
        ],
        "recall": [
            0.6823785351704134
        ],
        "precision": [
            0.5601190476190476
        ],
        "f1": [
            0.6152337365152012
        ],
        "roc_auc": [
            0.6374385920580301
        ]
    },
    "_5HT2A": {
        "accuracy": [
            0.566839378238342
        ],
        "recall": [
            0.5204918032786885
        ],
        "precision": [
            0.5799086757990868
        ],
        "f1": [
            0.5485961123110151
        ],
        "roc_auc": [
            0.6011272639791043
        ]
    },
    "D3R": {
        "accuracy": [
            0.6292016806722689
        ],
        "recall": [
            0.6412371134020619
        ],
        "precision": [
            0.6346938775510204
        ],
        "f1": [
            0.6379487179487179
        ],
        "roc_auc": [
            0.6808847877436589
        ]
    },
    "BBB": {
        "accuracy": [
            0.8456140350877193
        ],
        "recall": [
            0.8460236886632826
        ],
        "precision": [
            0.8547008547008547
        ],
        "f1": [
            0.8503401360544216
        ],
        "roc_auc": [
            0.9199066754196985
        ]
    }
}