{
    "APP": {
        "accuracy": [
            0.7786163522012579
        ],
        "recall": [
            0.774818401937046
        ],
        "precision": [
            0.794044665012407
        ],
        "f1": [
            0.7843137254901961
        ],
        "roc_auc": [
            0.8501768441869604
        ]
    },
    "AChE": {
        "accuracy": [
            0.7371794871794872
        ],
        "recall": [
            0.6923076923076923
        ],
        "precision": [
            0.7605633802816901
        ],
        "f1": [
            0.7248322147651006
        ],
        "roc_auc": [
            0.7905982905982906
        ]
    },
    "BBB": {
        "accuracy": [
            0.8184210526315789
        ],
        "recall": [
            0.8629441624365483
        ],
        "precision": [
            0.8018867924528302
        ],
        "f1": [
            0.8312958435207825
        ],
        "roc_auc": [
            0.9122493134725805
        ]
    },
    "D2R": {
        "accuracy": [
            0.6225865209471767
        ],
        "recall": [
            0.5221174764321972
        ],
        "precision": [
            0.6563354603463992
        ],
        "f1": [
            0.5815831987075928
        ],
        "roc_auc": [
            0.6698593841740307
        ]
    },
    "_5HT1A": {
        "accuracy": [
            0.5803108808290155
        ],
        "recall": [
            0.5348360655737705
        ],
        "precision": [
            0.5945330296127562
        ],
        "f1": [
            0.5631067961165048
        ],
        "roc_auc": [
            0.595714334811149
        ]
    },
    "NTRK3": {
        "accuracy": [
            0.9782608695652174
        ],
        "recall": [
            1.0
        ],
        "precision": [
            0.9523809523809523
        ],
        "f1": [
            0.975609756097561
        ],
        "roc_auc": [
            1.0
        ]
    },
    "NTRK1": {
        "accuracy": [
            0.9967532467532467
        ],
        "recall": [
            0.993421052631579
        ],
        "precision": [
            1.0
        ],
        "f1": [
            0.9966996699669968
        ],
        "roc_auc": [
            0.9999578272604589
        ]
    },
    "ROS1": {
        "accuracy": [
            0.8696741854636592
        ],
        "recall": [
            0.8247422680412371
        ],
        "precision": [
            0.898876404494382
        ],
        "f1": [
            0.8602150537634409
        ],
        "roc_auc": [
            0.9284888106613025
        ]
    }
}