{
    "MAOB": {
        "accuracy": [
            0.7798507462686567
        ],
        "recall": [
            0.732824427480916
        ],
        "precision": [
            0.8
        ],
        "f1": [
            0.7649402390438247
        ],
        "roc_auc": [
            0.8580194461469883
        ]
    }
}